attribution,collection,documentation-url,endpoint,licence,organisation,pipelines,entry-date,start-date,end-date
,employment-allocation,,67092daa83605658e5292546e90b2154ccd0048664c99d508dc67e9b1d8b60db,,local-authority-eng:ESK,employment-allocation,2021-06-23,,
,employment-allocation,,9828e9c18cb0b6ad45610db880bc1e5e874ab179220da47e118ca0c9e07577ef,,local-authority-eng:ESK,employment-allocation,2021-06-23,,
,employment-allocation,,,,development-corporation:Q20648596,employment-allocation,2021-09-03T15:46:51.730Z,,
,employment-allocation,,,,development-corporation:Q6670544,employment-allocation,2021-09-03T15:46:51.730Z,,
,employment-allocation,,,,development-corporation:Q72456968,employment-allocation,2021-09-03T15:46:51.730Z,,
,employment-allocation,,,,development-corporation:Q72463795,employment-allocation,2021-09-03T15:46:51.730Z,,
,employment-allocation,,,,local-authority-eng:ADU,employment-allocation,2021-09-03T15:46:51.730Z,,
,employment-allocation,,,,local-authority-eng:ALL,employment-allocation,2021-09-03T15:46:51.730Z,,
,employment-allocation,,,,local-authority-eng:AMB,employment-allocation,2021-09-03T15:46:51.730Z,,
,employment-allocation,,,,local-authority-eng:ARU,employment-allocation,2021-09-03T15:46:51.730Z,,
,employment-allocation,,,,local-authority-eng:ASF,employment-allocation,2021-09-03T15:46:51.730Z,,
,employment-allocation,,,,local-authority-eng:ASH,employment-allocation,2021-09-03T15:46:51.730Z,,
,employment-allocation,,,,local-authority-eng:AYL,employment-allocation,2021-09-03T15:46:51.730Z,,2020-03-31
,employment-allocation,,,,local-authority-eng:BAB,employment-allocation,2021-09-03T15:46:51.730Z,,
,employment-allocation,,,,local-authority-eng:BAE,employment-allocation,2021-09-03T15:46:51.730Z,,
,employment-allocation,,,,local-authority-eng:BAI,employment-allocation,2021-09-03T15:46:51.730Z,,
,employment-allocation,,,,local-authority-eng:BAN,employment-allocation,2021-09-03T15:46:51.730Z,,
,employment-allocation,,,,local-authority-eng:BAR,employment-allocation,2021-09-03T15:46:51.730Z,,
,employment-allocation,,,,local-authority-eng:BAS,employment-allocation,2021-09-03T15:46:51.730Z,,
,employment-allocation,,,,local-authority-eng:BBD,employment-allocation,2021-09-03T15:46:51.730Z,,
,employment-allocation,,,,local-authority-eng:BDF,employment-allocation,2021-09-03T15:46:51.730Z,,
,employment-allocation,,,,local-authority-eng:BDG,employment-allocation,2021-09-03T15:46:51.730Z,,
,employment-allocation,,,,local-authority-eng:BEN,employment-allocation,2021-09-03T15:46:51.730Z,,
,employment-allocation,,,,local-authority-eng:BEX,employment-allocation,2021-09-03T15:46:51.730Z,,
,employment-allocation,,,,local-authority-eng:BIR,employment-allocation,2021-09-03T15:46:51.730Z,,
,employment-allocation,,,,local-authority-eng:BLA,employment-allocation,2021-09-03T15:46:51.730Z,,
,employment-allocation,,,,local-authority-eng:BMH,employment-allocation,2021-09-03T15:46:51.730Z,,2019-03-31
,employment-allocation,,,,local-authority-eng:BNE,employment-allocation,2021-09-03T15:46:51.730Z,,
,employment-allocation,,,,local-authority-eng:BNH,employment-allocation,2021-09-03T15:46:51.730Z,,
,employment-allocation,,,,local-authority-eng:BNS,employment-allocation,2021-09-03T15:46:51.730Z,,
,employment-allocation,,,,local-authority-eng:BOL,employment-allocation,2021-09-03T15:46:51.730Z,,
,employment-allocation,,,,local-authority-eng:BOS,employment-allocation,2021-09-03T15:46:51.730Z,,
,employment-allocation,,,,local-authority-eng:BOT,employment-allocation,2021-09-03T15:46:51.730Z,,
,employment-allocation,,,,local-authority-eng:BPC,employment-allocation,2021-09-03T15:46:51.730Z,,
,employment-allocation,,,,local-authority-eng:BPL,employment-allocation,2021-09-03T15:46:51.731Z,,
,employment-allocation,,,,local-authority-eng:BRA,employment-allocation,2021-09-03T15:46:51.731Z,,
,employment-allocation,,,,local-authority-eng:BRC,employment-allocation,2021-09-03T15:46:51.731Z,,
,employment-allocation,,,,local-authority-eng:BRD,employment-allocation,2021-09-03T15:46:51.731Z,,
,employment-allocation,,,,local-authority-eng:BRE,employment-allocation,2021-09-03T15:46:51.731Z,,
,employment-allocation,,,,local-authority-eng:BRM,employment-allocation,2021-09-03T15:46:51.731Z,,
,employment-allocation,,,,local-authority-eng:BRO,employment-allocation,2021-09-03T15:46:51.731Z,,
,employment-allocation,,,,local-authority-eng:BRT,employment-allocation,2021-09-03T15:46:51.731Z,,
,employment-allocation,,,,local-authority-eng:BRW,employment-allocation,2021-09-03T15:46:51.731Z,,
,employment-allocation,,,,local-authority-eng:BRX,employment-allocation,2021-09-03T15:46:51.731Z,,
,employment-allocation,,,,local-authority-eng:BRY,employment-allocation,2021-09-03T15:46:51.731Z,,
,employment-allocation,,,,local-authority-eng:BST,employment-allocation,2021-09-03T15:46:51.731Z,,
,employment-allocation,,,,local-authority-eng:BUC,employment-allocation,2021-09-03T15:46:51.731Z,,
,employment-allocation,,,,local-authority-eng:BUN,employment-allocation,2021-09-03T15:46:51.731Z,,
,employment-allocation,,,,local-authority-eng:BUR,employment-allocation,2021-09-03T15:46:51.731Z,,
,employment-allocation,,,,local-authority-eng:CAB,employment-allocation,2021-09-03T15:46:51.731Z,,
,employment-allocation,,,,local-authority-eng:CAN,employment-allocation,2021-09-03T15:46:51.731Z,,
,employment-allocation,,,,local-authority-eng:CAR,employment-allocation,2021-09-03T15:46:51.731Z,,
,employment-allocation,,,,local-authority-eng:CAS,employment-allocation,2021-09-03T15:46:51.731Z,,
,employment-allocation,,,,local-authority-eng:CAT,employment-allocation,2021-09-03T15:46:51.731Z,,
,employment-allocation,,,,local-authority-eng:CBF,employment-allocation,2021-09-03T15:46:51.731Z,,
,employment-allocation,,,,local-authority-eng:CHA,employment-allocation,2021-09-03T15:46:51.731Z,,
,employment-allocation,,,,local-authority-eng:CHC,employment-allocation,2021-09-03T15:46:51.731Z,,2019-03-31
,employment-allocation,,,,local-authority-eng:CHE,employment-allocation,2021-09-03T15:46:51.731Z,,
,employment-allocation,,,,local-authority-eng:CHI,employment-allocation,2021-09-03T15:46:51.731Z,,
,employment-allocation,,,,local-authority-eng:CHL,employment-allocation,2021-09-03T15:46:51.731Z,,
,employment-allocation,,,,local-authority-eng:CHN,employment-allocation,2021-09-03T15:46:51.731Z,,2020-03-31
,employment-allocation,,,,local-authority-eng:CHO,employment-allocation,2021-09-03T15:46:51.731Z,,
,employment-allocation,,,,local-authority-eng:CHR,employment-allocation,2021-09-03T15:46:51.731Z,,
,employment-allocation,,,,local-authority-eng:CHS,employment-allocation,2021-09-03T15:46:51.731Z,,
,employment-allocation,,,,local-authority-eng:CHT,employment-allocation,2021-09-03T15:46:51.731Z,,
,employment-allocation,,,,local-authority-eng:CHW,employment-allocation,2021-09-03T15:46:51.731Z,,
,employment-allocation,,,,local-authority-eng:CLD,employment-allocation,2021-09-03T15:46:51.731Z,,
,employment-allocation,,,,local-authority-eng:CMD,employment-allocation,2021-09-03T15:46:51.731Z,,
,employment-allocation,,,,local-authority-eng:COL,employment-allocation,2021-09-03T15:46:51.731Z,,
,employment-allocation,,,,local-authority-eng:CON,employment-allocation,2021-09-03T15:46:51.731Z,,
,employment-allocation,,,,local-authority-eng:COP,employment-allocation,2021-09-03T15:46:51.731Z,,
,employment-allocation,,,,local-authority-eng:COR,employment-allocation,2021-09-03T15:46:51.731Z,,
,employment-allocation,,,,local-authority-eng:COT,employment-allocation,2021-09-03T15:46:51.731Z,,
,employment-allocation,,,,local-authority-eng:COV,employment-allocation,2021-09-03T15:46:51.731Z,,
,employment-allocation,,,,local-authority-eng:CRA,employment-allocation,2021-09-03T15:46:51.731Z,,
,employment-allocation,,,,local-authority-eng:CRW,employment-allocation,2021-09-03T15:46:51.731Z,,
,employment-allocation,,,,local-authority-eng:CRY,employment-allocation,2021-09-03T15:46:51.731Z,,
,employment-allocation,,,,local-authority-eng:DAC,employment-allocation,2021-09-03T15:46:51.731Z,,
,employment-allocation,,,,local-authority-eng:DAL,employment-allocation,2021-09-03T15:46:51.731Z,,
,employment-allocation,,,,local-authority-eng:DAR,employment-allocation,2021-09-03T15:46:51.732Z,,
,employment-allocation,,,,local-authority-eng:DAV,employment-allocation,2021-09-03T15:46:51.732Z,,
,employment-allocation,,,,local-authority-eng:DEB,employment-allocation,2021-09-03T15:46:51.732Z,,
,employment-allocation,,,,local-authority-eng:DER,employment-allocation,2021-09-03T15:46:51.732Z,,
,employment-allocation,,,,local-authority-eng:DNC,employment-allocation,2021-09-03T15:46:51.732Z,,
,employment-allocation,,,,local-authority-eng:DOV,employment-allocation,2021-09-03T15:46:51.732Z,,
,employment-allocation,,,,local-authority-eng:DST,employment-allocation,2021-09-03T15:46:51.732Z,,
,employment-allocation,,,,local-authority-eng:DUD,employment-allocation,2021-09-03T15:46:51.732Z,,
,employment-allocation,,,,local-authority-eng:DUR,employment-allocation,2021-09-03T15:46:51.732Z,,
,employment-allocation,,,,local-authority-eng:EAL,employment-allocation,2021-09-03T15:46:51.732Z,,
,employment-allocation,,,,local-authority-eng:EAS,employment-allocation,2021-09-03T15:46:51.732Z,,
,employment-allocation,,,,local-authority-eng:EAT,employment-allocation,2021-09-03T15:46:51.732Z,,
,employment-allocation,,,,local-authority-eng:ECA,employment-allocation,2021-09-03T15:46:51.732Z,,
,employment-allocation,,,,local-authority-eng:EDE,employment-allocation,2021-09-03T15:46:51.732Z,,
,employment-allocation,,,,local-authority-eng:EDN,employment-allocation,2021-09-03T15:46:51.732Z,,
,employment-allocation,,,,local-authority-eng:EDO,employment-allocation,2021-09-03T15:46:51.732Z,,2019-03-31
,employment-allocation,,,,local-authority-eng:EHA,employment-allocation,2021-09-03T15:46:51.732Z,,
,employment-allocation,,,,local-authority-eng:EHE,employment-allocation,2021-09-03T15:46:51.732Z,,
,employment-allocation,,,,local-authority-eng:ELI,employment-allocation,2021-09-03T15:46:51.732Z,,
,employment-allocation,,,,local-authority-eng:ELM,employment-allocation,2021-09-03T15:46:51.732Z,,
,employment-allocation,,,,local-authority-eng:ENF,employment-allocation,2021-09-03T15:46:51.732Z,,
,employment-allocation,,,,local-authority-eng:ENO,employment-allocation,2021-09-03T15:46:51.732Z,,
,employment-allocation,,,,local-authority-eng:EPP,employment-allocation,2021-09-03T15:46:51.732Z,,
,employment-allocation,,,,local-authority-eng:EPS,employment-allocation,2021-09-03T15:46:51.732Z,,
,employment-allocation,,,,local-authority-eng:ERE,employment-allocation,2021-09-03T15:46:51.732Z,,
,employment-allocation,,,,local-authority-eng:ERY,employment-allocation,2021-09-03T15:46:51.732Z,,
,employment-allocation,,,,local-authority-eng:EST,employment-allocation,2021-09-03T15:46:51.732Z,,
,employment-allocation,,,,local-authority-eng:EXE,employment-allocation,2021-09-03T15:46:51.732Z,,
,employment-allocation,,,,local-authority-eng:FAR,employment-allocation,2021-09-03T15:46:51.732Z,,
,employment-allocation,,,,local-authority-eng:FEN,employment-allocation,2021-09-03T15:46:51.732Z,,
,employment-allocation,,,,local-authority-eng:FOE,employment-allocation,2021-09-03T15:46:51.732Z,,
,employment-allocation,,,,local-authority-eng:FOR,employment-allocation,2021-09-03T15:46:51.732Z,,2019-03-31
,employment-allocation,,,,local-authority-eng:FYL,employment-allocation,2021-09-03T15:46:51.732Z,,
,employment-allocation,,,,local-authority-eng:GAT,employment-allocation,2021-09-03T15:46:51.732Z,,
,employment-allocation,,,,local-authority-eng:GED,employment-allocation,2021-09-03T15:46:51.732Z,,
,employment-allocation,,,,local-authority-eng:GLA,employment-allocation,2021-09-03T15:46:51.732Z,,
,employment-allocation,,,,local-authority-eng:GLO,employment-allocation,2021-09-03T15:46:51.732Z,,
,employment-allocation,,,,local-authority-eng:GOS,employment-allocation,2021-09-03T15:46:51.732Z,,
,employment-allocation,,,,local-authority-eng:GRA,employment-allocation,2021-09-03T15:46:51.732Z,,
,employment-allocation,,,,local-authority-eng:GRE,employment-allocation,2021-09-03T15:46:51.732Z,,
,employment-allocation,,,,local-authority-eng:GRT,employment-allocation,2021-09-03T15:46:51.732Z,,
,employment-allocation,,,,local-authority-eng:GRY,employment-allocation,2021-09-03T15:46:51.732Z,,
,employment-allocation,,,,local-authority-eng:HAA,employment-allocation,2021-09-03T15:46:51.732Z,,
,employment-allocation,,,,local-authority-eng:HAE,employment-allocation,2021-09-03T15:46:51.732Z,,
,employment-allocation,,,,local-authority-eng:HAG,employment-allocation,2021-09-03T15:46:51.732Z,,
,employment-allocation,,,,local-authority-eng:HAL,employment-allocation,2021-09-03T15:46:51.732Z,,
,employment-allocation,,,,local-authority-eng:HAO,employment-allocation,2021-09-03T15:46:51.732Z,,
,employment-allocation,,,,local-authority-eng:HAR,employment-allocation,2021-09-03T15:46:51.733Z,,
,employment-allocation,,,,local-authority-eng:HAS,employment-allocation,2021-09-03T15:46:51.733Z,,
,employment-allocation,,,,local-authority-eng:HAT,employment-allocation,2021-09-03T15:46:51.733Z,,
,employment-allocation,,,,local-authority-eng:HAV,employment-allocation,2021-09-03T15:46:51.733Z,,
,employment-allocation,,,,local-authority-eng:HCK,employment-allocation,2021-09-03T15:46:51.733Z,,
,employment-allocation,,,,local-authority-eng:HEF,employment-allocation,2021-09-03T15:46:51.733Z,,
,employment-allocation,,,,local-authority-eng:HER,employment-allocation,2021-09-03T15:46:51.733Z,,
,employment-allocation,,,,local-authority-eng:HIG,employment-allocation,2021-09-03T15:46:51.733Z,,
,employment-allocation,,,,local-authority-eng:HIL,employment-allocation,2021-09-03T15:46:51.733Z,,
,employment-allocation,,,,local-authority-eng:HIN,employment-allocation,2021-09-03T15:46:51.733Z,,
,employment-allocation,,,,local-authority-eng:HMF,employment-allocation,2021-09-03T15:46:51.733Z,,
,employment-allocation,,,,local-authority-eng:HNS,employment-allocation,2021-09-03T15:46:51.733Z,,
,employment-allocation,,,,local-authority-eng:HOR,employment-allocation,2021-09-03T15:46:51.733Z,,
,employment-allocation,,,,local-authority-eng:HPL,employment-allocation,2021-09-03T15:46:51.733Z,,
,employment-allocation,,,,local-authority-eng:HRW,employment-allocation,2021-09-03T15:46:51.733Z,,
,employment-allocation,,,,local-authority-eng:HRY,employment-allocation,2021-09-03T15:46:51.733Z,,
,employment-allocation,,,,local-authority-eng:HUN,employment-allocation,2021-09-03T15:46:51.733Z,,
,employment-allocation,,,,local-authority-eng:HYN,employment-allocation,2021-09-03T15:46:51.733Z,,
,employment-allocation,,,,local-authority-eng:IOS,employment-allocation,2021-09-03T15:46:51.733Z,,
,employment-allocation,,,,local-authority-eng:IOW,employment-allocation,2021-09-03T15:46:51.733Z,,
,employment-allocation,,,,local-authority-eng:IPS,employment-allocation,2021-09-03T15:46:51.733Z,,
,employment-allocation,,,,local-authority-eng:ISL,employment-allocation,2021-09-03T15:46:51.733Z,,
,employment-allocation,,,,local-authority-eng:KEC,employment-allocation,2021-09-03T15:46:51.733Z,,
,employment-allocation,,,,local-authority-eng:KET,employment-allocation,2021-09-03T15:46:51.733Z,,
,employment-allocation,,,,local-authority-eng:KHL,employment-allocation,2021-09-03T15:46:51.733Z,,
,employment-allocation,,,,local-authority-eng:KIN,employment-allocation,2021-09-03T15:46:51.733Z,,
,employment-allocation,,,,local-authority-eng:KIR,employment-allocation,2021-09-03T15:46:51.733Z,,
,employment-allocation,,,,local-authority-eng:KTT,employment-allocation,2021-09-03T15:46:51.733Z,,
,employment-allocation,,,,local-authority-eng:KWL,employment-allocation,2021-09-03T15:46:51.733Z,,
,employment-allocation,,,,local-authority-eng:LAC,employment-allocation,2021-09-03T15:46:51.733Z,,
,employment-allocation,,,,local-authority-eng:LBH,employment-allocation,2021-09-03T15:46:51.733Z,,
,employment-allocation,,,,local-authority-eng:LCE,employment-allocation,2021-09-03T15:46:51.733Z,,
,employment-allocation,,,,local-authority-eng:LDS,employment-allocation,2021-09-03T15:46:51.733Z,,
,employment-allocation,,,,local-authority-eng:LEE,employment-allocation,2021-09-03T15:46:51.733Z,,
,employment-allocation,,,,local-authority-eng:LEW,employment-allocation,2021-09-03T15:46:51.733Z,,
,employment-allocation,,,,local-authority-eng:LIC,employment-allocation,2021-09-03T15:46:51.733Z,,
,employment-allocation,,,,local-authority-eng:LIF,employment-allocation,2021-09-03T15:46:51.733Z,,
,employment-allocation,,,,local-authority-eng:LIV,employment-allocation,2021-09-03T15:46:51.733Z,,
,employment-allocation,,,,local-authority-eng:LND,employment-allocation,2021-09-03T15:46:51.733Z,,
,employment-allocation,,,,local-authority-eng:LUT,employment-allocation,2021-09-03T15:46:51.733Z,,
,employment-allocation,,,,local-authority-eng:MAI,employment-allocation,2021-09-03T15:46:51.733Z,,
,employment-allocation,,,,local-authority-eng:MAL,employment-allocation,2021-09-03T15:46:51.733Z,,
,employment-allocation,,,,local-authority-eng:MAN,employment-allocation,2021-09-03T15:46:51.733Z,,
,employment-allocation,,,,local-authority-eng:MAS,employment-allocation,2021-09-03T15:46:51.733Z,,
,employment-allocation,,,,local-authority-eng:MAV,employment-allocation,2021-09-03T15:46:51.733Z,,
,employment-allocation,,,,local-authority-eng:MDB,employment-allocation,2021-09-03T15:46:51.733Z,,
,employment-allocation,,,,local-authority-eng:MDE,employment-allocation,2021-09-03T15:46:51.734Z,,
,employment-allocation,,,,local-authority-eng:MDW,employment-allocation,2021-09-03T15:46:51.734Z,,
,employment-allocation,,,,local-authority-eng:MEL,employment-allocation,2021-09-03T15:46:51.734Z,,
,employment-allocation,,,,local-authority-eng:MEN,employment-allocation,2021-09-03T15:46:51.734Z,,
,employment-allocation,,,,local-authority-eng:MIK,employment-allocation,2021-09-03T15:46:51.734Z,,
,employment-allocation,,,,local-authority-eng:MOL,employment-allocation,2021-09-03T15:46:51.734Z,,
,employment-allocation,,,,local-authority-eng:MRT,employment-allocation,2021-09-03T15:46:51.734Z,,
,employment-allocation,,,,local-authority-eng:MSS,employment-allocation,2021-09-03T15:46:51.734Z,,
,employment-allocation,,,,local-authority-eng:MSU,employment-allocation,2021-09-03T15:46:51.734Z,,
,employment-allocation,,,,local-authority-eng:NBL,employment-allocation,2021-09-03T15:46:51.734Z,,
,employment-allocation,,,,local-authority-eng:NDE,employment-allocation,2021-09-03T15:46:51.734Z,,
,employment-allocation,,,,local-authority-eng:NDO,employment-allocation,2021-09-03T15:46:51.734Z,,2019-03-31
,employment-allocation,,,,local-authority-eng:NEA,employment-allocation,2021-09-03T15:46:51.734Z,,
,employment-allocation,,,,local-authority-eng:NEC,employment-allocation,2021-09-03T15:46:51.734Z,,
,employment-allocation,,,,local-authority-eng:NED,employment-allocation,2021-09-03T15:46:51.734Z,,
,employment-allocation,,,,local-authority-eng:NEL,employment-allocation,2021-09-03T15:46:51.734Z,,
,employment-allocation,,,,local-authority-eng:NET,employment-allocation,2021-09-03T15:46:51.734Z,,
,employment-allocation,,,,local-authority-eng:NEW,employment-allocation,2021-09-03T15:46:51.734Z,,
,employment-allocation,,,,local-authority-eng:NGM,employment-allocation,2021-09-03T15:46:51.734Z,,
,employment-allocation,,,,local-authority-eng:NHE,employment-allocation,2021-09-03T15:46:51.734Z,,
,employment-allocation,,,,local-authority-eng:NKE,employment-allocation,2021-09-03T15:46:51.734Z,,
,employment-allocation,,,,local-authority-eng:NLN,employment-allocation,2021-09-03T15:46:51.734Z,,
,employment-allocation,,,,local-authority-eng:NNO,employment-allocation,2021-09-03T15:46:51.734Z,,
,employment-allocation,,,,local-authority-eng:NNUA,employment-allocation,2021-09-03T15:46:51.734Z,,
,employment-allocation,,,,local-authority-eng:NOR,employment-allocation,2021-09-03T15:46:51.734Z,,
,employment-allocation,,,,local-authority-eng:NOW,employment-allocation,2021-09-03T15:46:51.734Z,,
,employment-allocation,,,,local-authority-eng:NSM,employment-allocation,2021-09-03T15:46:51.734Z,,
,employment-allocation,,,,local-authority-eng:NTY,employment-allocation,2021-09-03T15:46:51.734Z,,
,employment-allocation,,,,local-authority-eng:NUN,employment-allocation,2021-09-03T15:46:51.734Z,,
,employment-allocation,,,,local-authority-eng:NWA,employment-allocation,2021-09-03T15:46:51.734Z,,
,employment-allocation,,,,local-authority-eng:NWL,employment-allocation,2021-09-03T15:46:51.734Z,,
,employment-allocation,,,,local-authority-eng:NWM,employment-allocation,2021-09-03T15:46:51.734Z,,
,employment-allocation,,,,local-authority-eng:OAD,employment-allocation,2021-09-03T15:46:51.734Z,,
,employment-allocation,,,,local-authority-eng:OLD,employment-allocation,2021-09-03T15:46:51.734Z,,
,employment-allocation,,,,local-authority-eng:OXO,employment-allocation,2021-09-03T15:46:51.734Z,,
,employment-allocation,,,,local-authority-eng:PEN,employment-allocation,2021-09-03T15:46:51.734Z,,
,employment-allocation,,,,local-authority-eng:PLY,employment-allocation,2021-09-03T15:46:51.734Z,,
,employment-allocation,,,,local-authority-eng:POL,employment-allocation,2021-09-03T15:46:51.734Z,,2019-03-31
,employment-allocation,,,,local-authority-eng:POR,employment-allocation,2021-09-03T15:46:51.734Z,,
,employment-allocation,,,,local-authority-eng:PRE,employment-allocation,2021-09-03T15:46:51.734Z,,
,employment-allocation,,,,local-authority-eng:PTE,employment-allocation,2021-09-03T15:46:51.734Z,,
,employment-allocation,,,,local-authority-eng:PUR,employment-allocation,2021-09-03T15:46:51.734Z,,2019-03-31
,employment-allocation,,,,local-authority-eng:RCC,employment-allocation,2021-09-03T15:46:51.734Z,,
,employment-allocation,,,,local-authority-eng:RCH,employment-allocation,2021-09-03T15:46:51.734Z,,
,employment-allocation,,,,local-authority-eng:RDB,employment-allocation,2021-09-03T15:46:51.734Z,,
,employment-allocation,,,,local-authority-eng:RDG,employment-allocation,2021-09-03T15:46:51.734Z,,
,employment-allocation,,,,local-authority-eng:RED,employment-allocation,2021-09-03T15:46:51.734Z,,
,employment-allocation,,,,local-authority-eng:REI,employment-allocation,2021-09-03T15:46:51.735Z,,
,employment-allocation,,,,local-authority-eng:RIB,employment-allocation,2021-09-03T15:46:51.735Z,,
,employment-allocation,,,,local-authority-eng:RIC,employment-allocation,2021-09-03T15:46:51.735Z,,
,employment-allocation,,,,local-authority-eng:RIH,employment-allocation,2021-09-03T15:46:51.735Z,,
,employment-allocation,,,,local-authority-eng:ROC,employment-allocation,2021-09-03T15:46:51.735Z,,
,employment-allocation,,,,local-authority-eng:ROH,employment-allocation,2021-09-03T15:46:51.735Z,,
,employment-allocation,,,,local-authority-eng:ROS,employment-allocation,2021-09-03T15:46:51.735Z,,
,employment-allocation,,,,local-authority-eng:ROT,employment-allocation,2021-09-03T15:46:51.735Z,,
,employment-allocation,,,,local-authority-eng:RUG,employment-allocation,2021-09-03T15:46:51.735Z,,
,employment-allocation,,,,local-authority-eng:RUH,employment-allocation,2021-09-03T15:46:51.735Z,,
,employment-allocation,,,,local-authority-eng:RUN,employment-allocation,2021-09-03T15:46:51.735Z,,
,employment-allocation,,,,local-authority-eng:RUS,employment-allocation,2021-09-03T15:46:51.735Z,,
,employment-allocation,,,,local-authority-eng:RUT,employment-allocation,2021-09-03T15:46:51.735Z,,
,employment-allocation,,,,local-authority-eng:RYE,employment-allocation,2021-09-03T15:46:51.735Z,,
,employment-allocation,,,,local-authority-eng:SAL,employment-allocation,2021-09-03T15:46:51.735Z,,
,employment-allocation,,,,local-authority-eng:SAW,employment-allocation,2021-09-03T15:46:51.735Z,,
,employment-allocation,,,,local-authority-eng:SBU,employment-allocation,2021-09-03T15:46:51.735Z,,2020-03-31
,employment-allocation,,,,local-authority-eng:SCA,employment-allocation,2021-09-03T15:46:51.735Z,,
,employment-allocation,,,,local-authority-eng:SCE,employment-allocation,2021-09-03T15:46:51.735Z,,
,employment-allocation,,,,local-authority-eng:SDE,employment-allocation,2021-09-03T15:46:51.735Z,,
,employment-allocation,,,,local-authority-eng:SED,employment-allocation,2021-09-03T15:46:51.735Z,,2019-03-31
,employment-allocation,,,,local-authority-eng:SEG,employment-allocation,2021-09-03T15:46:51.735Z,,
,employment-allocation,,,,local-authority-eng:SEL,employment-allocation,2021-09-03T15:46:51.735Z,,
,employment-allocation,,,,local-authority-eng:SEV,employment-allocation,2021-09-03T15:46:51.735Z,,
,employment-allocation,,,,local-authority-eng:SFT,employment-allocation,2021-09-03T15:46:51.735Z,,
,employment-allocation,,,,local-authority-eng:SGC,employment-allocation,2021-09-03T15:46:51.735Z,,
,employment-allocation,,,,local-authority-eng:SHA,employment-allocation,2021-09-03T15:46:51.735Z,,
,employment-allocation,,,,local-authority-eng:SHE,employment-allocation,2021-09-03T15:46:51.735Z,,
,employment-allocation,,,,local-authority-eng:SHF,employment-allocation,2021-09-03T15:46:51.735Z,,
,employment-allocation,,,,local-authority-eng:SHN,employment-allocation,2021-09-03T15:46:51.735Z,,
,employment-allocation,,,,local-authority-eng:SHO,employment-allocation,2021-09-03T15:46:51.735Z,,
,employment-allocation,,,,local-authority-eng:SHR,employment-allocation,2021-09-03T15:46:51.735Z,,
,employment-allocation,,,,local-authority-eng:SKE,employment-allocation,2021-09-03T15:46:51.735Z,,
,employment-allocation,,,,local-authority-eng:SKP,employment-allocation,2021-09-03T15:46:51.735Z,,
,employment-allocation,,,,local-authority-eng:SLA,employment-allocation,2021-09-03T15:46:51.735Z,,
,employment-allocation,,,,local-authority-eng:SLF,employment-allocation,2021-09-03T15:46:51.735Z,,
,employment-allocation,,,,local-authority-eng:SLG,employment-allocation,2021-09-03T15:46:51.735Z,,
,employment-allocation,,,,local-authority-eng:SND,employment-allocation,2021-09-03T15:46:51.735Z,,
,employment-allocation,,,,local-authority-eng:SNO,employment-allocation,2021-09-03T15:46:51.735Z,,
,employment-allocation,,,,local-authority-eng:SNR,employment-allocation,2021-09-03T15:46:51.735Z,,
,employment-allocation,,,,local-authority-eng:SOL,employment-allocation,2021-09-03T15:46:51.735Z,,
,employment-allocation,,,,local-authority-eng:SOS,employment-allocation,2021-09-03T15:46:51.735Z,,
,employment-allocation,,,,local-authority-eng:SOX,employment-allocation,2021-09-03T15:46:51.735Z,,
,employment-allocation,,,,local-authority-eng:SPE,employment-allocation,2021-09-03T15:46:51.735Z,,
,employment-allocation,,,,local-authority-eng:SRI,employment-allocation,2021-09-03T15:46:51.735Z,,
,employment-allocation,,,,local-authority-eng:SSO,employment-allocation,2021-09-03T15:46:51.735Z,,
,employment-allocation,,,,local-authority-eng:SST,employment-allocation,2021-09-03T15:46:51.735Z,,
,employment-allocation,,,,local-authority-eng:STA,employment-allocation,2021-09-03T15:46:51.735Z,,
,employment-allocation,,,,local-authority-eng:STE,employment-allocation,2021-09-03T15:46:51.736Z,,
,employment-allocation,,,,local-authority-eng:STF,employment-allocation,2021-09-03T15:46:51.736Z,,
,employment-allocation,,,,local-authority-eng:STH,employment-allocation,2021-09-03T15:46:51.736Z,,
,employment-allocation,,,,local-authority-eng:STN,employment-allocation,2021-09-03T15:46:51.736Z,,
,employment-allocation,,,,local-authority-eng:STO,employment-allocation,2021-09-03T15:46:51.736Z,,
,employment-allocation,,,,local-authority-eng:STR,employment-allocation,2021-09-03T15:46:51.736Z,,
,employment-allocation,,,,local-authority-eng:STT,employment-allocation,2021-09-03T15:46:51.736Z,,
,employment-allocation,,,,local-authority-eng:STV,employment-allocation,2021-09-03T15:46:51.736Z,,
,employment-allocation,,,,local-authority-eng:STY,employment-allocation,2021-09-03T15:46:51.736Z,,
,employment-allocation,,,,local-authority-eng:SUF,employment-allocation,2021-09-03T15:46:51.736Z,,2019-03-31
,employment-allocation,,,,local-authority-eng:SUR,employment-allocation,2021-09-03T15:46:51.736Z,,
,employment-allocation,,,,local-authority-eng:SWD,employment-allocation,2021-09-03T15:46:51.736Z,,
,employment-allocation,,,,local-authority-eng:SWK,employment-allocation,2021-09-03T15:46:51.736Z,,
,employment-allocation,,,,local-authority-eng:SWL,employment-allocation,2021-09-03T15:46:51.736Z,,
,employment-allocation,,,,local-authority-eng:SWT,employment-allocation,2021-09-03T15:46:51.736Z,,
,employment-allocation,,,,local-authority-eng:TAM,employment-allocation,2021-09-03T15:46:51.736Z,,
,employment-allocation,,,,local-authority-eng:TAN,employment-allocation,2021-09-03T15:46:51.736Z,,
,employment-allocation,,,,local-authority-eng:TAU,employment-allocation,2021-09-03T15:46:51.736Z,,2019-03-31
,employment-allocation,,,,local-authority-eng:TAW,employment-allocation,2021-09-03T15:46:51.736Z,,
,employment-allocation,,,,local-authority-eng:TEI,employment-allocation,2021-09-03T15:46:51.736Z,,
,employment-allocation,,,,local-authority-eng:TEN,employment-allocation,2021-09-03T15:46:51.736Z,,
,employment-allocation,,,,local-authority-eng:TES,employment-allocation,2021-09-03T15:46:51.736Z,,
,employment-allocation,,,,local-authority-eng:TEW,employment-allocation,2021-09-03T15:46:51.736Z,,
,employment-allocation,,,,local-authority-eng:TFW,employment-allocation,2021-09-03T15:46:51.736Z,,
,employment-allocation,,,,local-authority-eng:THA,employment-allocation,2021-09-03T15:46:51.736Z,,
,employment-allocation,,,,local-authority-eng:THE,employment-allocation,2021-09-03T15:46:51.736Z,,
,employment-allocation,,,,local-authority-eng:THR,employment-allocation,2021-09-03T15:46:51.736Z,,
,employment-allocation,,,,local-authority-eng:TOB,employment-allocation,2021-09-03T15:46:51.736Z,,
,employment-allocation,,,,local-authority-eng:TON,employment-allocation,2021-09-03T15:46:51.736Z,,
,employment-allocation,,,,local-authority-eng:TOR,employment-allocation,2021-09-03T15:46:51.736Z,,
,employment-allocation,,,,local-authority-eng:TRF,employment-allocation,2021-09-03T15:46:51.736Z,,
,employment-allocation,,,,local-authority-eng:TUN,employment-allocation,2021-09-03T15:46:51.736Z,,
,employment-allocation,,,,local-authority-eng:TWH,employment-allocation,2021-09-03T15:46:51.736Z,,
,employment-allocation,,,,local-authority-eng:UTT,employment-allocation,2021-09-03T15:46:51.736Z,,
,employment-allocation,,,,local-authority-eng:VAL,employment-allocation,2021-09-03T15:46:51.736Z,,
,employment-allocation,,,,local-authority-eng:WAE,employment-allocation,2021-09-03T15:46:51.736Z,,
,employment-allocation,,,,local-authority-eng:WAT,employment-allocation,2021-09-03T15:46:51.736Z,,
,employment-allocation,,,,local-authority-eng:WAV,employment-allocation,2021-09-03T15:46:51.736Z,,2019-03-31
,employment-allocation,,,,local-authority-eng:WAW,employment-allocation,2021-09-03T15:46:51.736Z,,
,employment-allocation,,,,local-authority-eng:WBK,employment-allocation,2021-09-03T15:46:51.737Z,,
,employment-allocation,,,,local-authority-eng:WDE,employment-allocation,2021-09-03T15:46:51.737Z,,
,employment-allocation,,,,local-authority-eng:WDO,employment-allocation,2021-09-03T15:46:51.737Z,,2019-03-31
,employment-allocation,,,,local-authority-eng:WEA,employment-allocation,2021-09-03T15:46:51.737Z,,
,employment-allocation,,,,local-authority-eng:WEL,employment-allocation,2021-09-03T15:46:51.737Z,,
,employment-allocation,,,,local-authority-eng:WEW,employment-allocation,2021-09-03T15:46:51.737Z,,
,employment-allocation,,,,local-authority-eng:WEY,employment-allocation,2021-09-03T15:46:51.737Z,,2019-03-31
,employment-allocation,,,,local-authority-eng:WFT,employment-allocation,2021-09-03T15:46:51.737Z,,
,employment-allocation,,,,local-authority-eng:WGN,employment-allocation,2021-09-03T15:46:51.737Z,,
,employment-allocation,,,,local-authority-eng:WIL,employment-allocation,2021-09-03T15:46:51.737Z,,
,employment-allocation,,,,local-authority-eng:WIN,employment-allocation,2021-09-03T15:46:51.737Z,,
,employment-allocation,,,,local-authority-eng:WKF,employment-allocation,2021-09-03T15:46:51.737Z,,
,employment-allocation,,,,local-authority-eng:WLA,employment-allocation,2021-09-03T15:46:51.737Z,,
,employment-allocation,,,,local-authority-eng:WLI,employment-allocation,2021-09-03T15:46:51.737Z,,
,employment-allocation,,,,local-authority-eng:WLL,employment-allocation,2021-09-03T15:46:51.737Z,,
,employment-allocation,,,,local-authority-eng:WLV,employment-allocation,2021-09-03T15:46:51.737Z,,
,employment-allocation,,,,local-authority-eng:WND,employment-allocation,2021-09-03T15:46:51.737Z,,
,employment-allocation,,,,local-authority-eng:WNM,employment-allocation,2021-09-03T15:46:51.737Z,,
,employment-allocation,,,,local-authority-eng:WNUA,employment-allocation,2021-09-03T15:46:51.737Z,,
,employment-allocation,,,,local-authority-eng:WOC,employment-allocation,2021-09-03T15:46:51.737Z,,
,employment-allocation,,,,local-authority-eng:WOI,employment-allocation,2021-09-03T15:46:51.737Z,,
,employment-allocation,,,,local-authority-eng:WOK,employment-allocation,2021-09-03T15:46:51.737Z,,
,employment-allocation,,,,local-authority-eng:WOT,employment-allocation,2021-09-03T15:46:51.737Z,,
,employment-allocation,,,,local-authority-eng:WOX,employment-allocation,2021-09-03T15:46:51.737Z,,
,employment-allocation,,,,local-authority-eng:WRL,employment-allocation,2021-09-03T15:46:51.737Z,,
,employment-allocation,,,,local-authority-eng:WRT,employment-allocation,2021-09-03T15:46:51.737Z,,
,employment-allocation,,,,local-authority-eng:WSK,employment-allocation,2021-09-03T15:46:51.737Z,,
,employment-allocation,,,,local-authority-eng:WSM,employment-allocation,2021-09-03T15:46:51.737Z,,
,employment-allocation,,,,local-authority-eng:WSO,employment-allocation,2021-09-03T15:46:51.737Z,,2019-03-31
,employment-allocation,,,,local-authority-eng:WYC,employment-allocation,2021-09-03T15:46:51.737Z,,
,employment-allocation,,,,local-authority-eng:WYE,employment-allocation,2021-09-03T15:46:51.737Z,,
,employment-allocation,,,,local-authority-eng:WYO,employment-allocation,2021-09-03T15:46:51.737Z,,2020-03-31
,employment-allocation,,,,local-authority-eng:WYR,employment-allocation,2021-09-03T15:46:51.737Z,,
,employment-allocation,,,,local-authority-eng:YOR,employment-allocation,2021-09-03T15:46:51.737Z,,
